county,total,PCT_WHITE,PCT_BLACK,PCT_ASIAN,PCT_NA,PCT_PI,PCT_HISP,PCT_NHISP,BAC_TOTAL,WA_TOTAL,IAC_TOTAL,AAC_TOTAL,NAC_TOTAL,H_TOTAL,NH_TOTAL,EXP_WHITE,EXP_BLACK,EXP_NA,EXP_ASIAN,EXP_PI,EXP_HISP,EXP_NHISP,adm_hisp,adm_nhisp,adm_unk_eth,total_adm,adm_white,adm_black,adm_na,adm_asian,adm_pi,rate_white,rate_black,rate_na,rate_asian,rate_pi,rate_hisp,rate_nhisp,pct_adm,adj_exp_white,adj_exp_black,adj_exp_na,adj_exp_asian,adj_exp_pi,adj_exp_hisp,adj_exp_nhisp,pae_white,pae_black,pae_na,pae_asian,pae_pi,pae_hisp,pae_nhisp,diff_ae_white,diff_ae_black,diff_ae_na,diff_ae_asian,diff_ae_pi,diff_ae_hisp,diff_ae_nhisp,pd_ae_white,pd_ae_black,pd_ae_na,pd_ae_asian,pd_ae_pi,pd_ae_hisp,pd_ae_nhisp,arcgis_county
ADAMS,41020,0.9520967961033164,0.02837127166171819,0.012012186838990123,0.008014593157516835,8.732607556616405e-4,0.0718984688828084,0.9281015311171916,2924,98125,826,1238,90,7410,95652,39055.01057615804,1163.78956356368,328.7586113213406,492.73990413537484,35.82115619724049,2949.2751935728006,38070.7248064272,1482,26977,6230,35490,28571,357,0,12,32,29116.942675159236,12209.302325581395,0,969.3053311793215,35555.555555555555,20000,28203.27855141555,0.8651877133105802,33789.915293706705,1006.8964312743785,284.4379111602725,426.31251091575945,30.99202421843162,2551.67666065087,32938.32333934913,0.731557861040288,0.30675648861020716,0,0.02435361922038109,0.8933268324394605,0.5024963432471965,0.7086022169834201,-10484.010576158042,-806.7895635636801,-328.7586113213406,-480.73990413537484,-3.821156197240491,-1467.2751935728006,-11093.724806427199,-26.8442138959712,-69.32435113897928,-100,-97.5646380779619,-10.667316756053946,-49.75036567528035,-29.13977830165799,"Adams County, Pennsylvania"
ALLEGHENY,640530,0.8008364543601683,0.1497657484179906,0.04608714010980209,0.00637157731041559,9.217263721359324e-4,0.0218528014484741,0.9781471985515259,182307,974843,7756,56101,1122,26601,1190680,512959.7741113186,95929.45483417551,4081.186414640498,29520.195854531532,590.3933931442288,13997.374911791116,626532.6250882088,10424,449745,202934,678511,479901,43964,92,769,2399,49228.5424422189,24115.365838942005,1186.178442496132,1370.7420545088323,213814.61675579322,39186.49674824255,37772.11341418349,1.0592962078278925,543376.3434843721,101617.70772483922,4323.185292467392,31270.631523041924,625.4014824843235,14827.36616360561,663683.6338363943,0.9355528917085331,0.45829510942177826,0.022542464531874137,0.026049962669267106,4.063392354754793,0.7447110665885662,0.7178317329232151,-33058.77411131858,-51965.454834175514,-3989.186414640498,-28751.195854531532,1808.6066068557711,-3573.3749117911157,-176787.62508820882,-6.444710829146693,-54.17048905782218,-97.74575354681258,-97.3950037330733,306.3392354754793,-25.528893341143377,-28.21682670767849,"Allegheny County, Pennsylvania"
ARMSTRONG,34010,0.9766801322071245,0.014766189252050435,0.004590525156077855,0.004177377892030848,4.43750765087526e-4,0.008033419023136246,0.9919665809768637,965,63828,273,300,29,525,64827,33216.8912963643,502.1980964622353,142.07262210796915,156.12376055820786,15.09196352062676,273.2165809768637,33736.78341902314,182,18216,9642,28520,23457,186,5,5,33,36750.329009212255,19274.61139896373,1831.5018315018315,1666.6666666666667,113793.10344827587,34666.666666666664,28099.403026516728,0.83857688915025,27854.91737054719,421.1317174684784,119.13881748071981,130.92177745134043,12.655771820296243,229.11311053984574,28290.886889460155,0.7061768601617288,0.37037177422672085,0.03519326894804695,0.032025874742722726,2.186594206572104,0.6661381946486328,0.5399447770035052,-9759.891296364302,-316.1980964622353,-137.07262210796915,-151.12376055820786,17.90803647937324,-91.21658097686372,-15520.783419023137,-29.382313983827125,-62.96282257732791,-96.48067310519531,-96.79741252572774,118.65942065721038,-33.386180535136724,-46.005522299649485,"Armstrong County, Pennsylvania"
BEAVER,116470,0.906976461581461,0.0796502655211384,0.008585386008190445,0.005766122662259543,9.539317786878273e-4,0.016648236137609216,0.9833517638623908,13109,149272,949,1413,157,2740,161842,105635.54848039275,9276.866425246988,671.580306473369,999.9399083739412,111.10443426377125,1939.0200629473454,114530.97993705265,769,42944,13310,65194,47275,1709,0,0,51,31670.373546277937,13036.844915706766,0,0,32484.076433121016,28065.693430656935,26534.521323265904,0.5597492916630892,59129.42343634176,5192.719410385096,375.91660084334865,559.7156554179679,62.19062837977421,1085.3651067552953,64108.63489324469,0.4475292709705087,0.1842216888397743,0,0,0.45902758371391117,0.396592080038154,0.37495531797250353,-58360.548480392754,-7567.866425246988,-671.580306473369,-999.9399083739412,-60.10443426377125,-1170.0200629473454,-71586.97993705265,-55.24707290294912,-81.57783111602257,-100,-100,-54.097241628608884,-60.340791996184606,-62.50446820274964,"Beaver County, Pennsylvania"
BEDFORD,17000,0.976878612716763,0.011934960701958664,0.006092236037759388,0.005385287146005739,6.653636628269639e-4,0.01237160560568886,0.9876283943943112,574,46982,259,293,32,595,47499,16606.93641618497,202.8943319332973,91.54988148209756,103.56801264190959,11.311182268058385,210.3172952967106,16789.68270470329,140,9113,3304,12815,10736,31,0,20,9,22851.30475501256,5400.696864111498,0,6825.938566552902,28125,23529.41176470588,19185.667066675087,0.7538235294117647,12518.699421965317,152.94652139560029,69.01245477606354,78.07200482388654,8.526635339127541,158.54212583690273,12656.457874163096,0.6464768534632789,0.15278889116622257,0,0.1931098173057619,0.7956727941176471,0.6656608996539792,0.542773807002748,-5870.93641618497,-171.8943319332973,-91.54988148209756,-83.56801264190959,-2.311182268058385,-70.3172952967106,-7676.682704703289,-35.35231465367211,-84.72111088337775,-100,-80.68901826942381,-20.432720588235288,-33.43391003460208,-45.722619299725196,"Bedford County, Pennsylvania"
BERKS,164020,0.8719684017035686,0.09346323321340502,0.02089748863930906,0.016619543479760017,0.0028678164882802375,0.21880298386080388,0.7811970161391961,39304,366688,6989,8788,1206,92013,328516,143020.25724741933,15329.839511662693,2725.9375215502378,3427.606086619472,470.37926040772453,35888.06541284905,128131.93458715094,14677,112336,32348,164623,120973,4283,19,236,356,32990.716903743785,10897.109708935477,271.85577335813423,2685.4802002731,29519.071310116084,15951.006922934801,34194.98593675803,1.003676380929155,143546.05419364656,15386.197841290374,2735.9591062685327,3440.207272268975,472.10855375015745,36020.003612117114,128602.99638788287,0.8458452133163314,0.2793897481276019,0.006970079046123816,0.0688527193720672,0.7568360894385934,0.4089660401350354,0.8767213291671087,-22047.25724741933,-11046.839511662693,-2706.9375215502378,-3191.606086619472,-114.37926040772453,-21211.06541284905,-15795.934587150943,-15.415478668366855,-72.0610251872398,-99.30299209538762,-93.11472806279329,-24.316391056140663,-59.10339598649645,-12.327867083289135,"Berks County, Pennsylvania"
BLAIR,31680,0.9564010677289536,0.029460503008089597,0.009795678473180249,0.004783556321069688,6.122299045737656e-4,0.01324049206958197,0.986759507930418,3609,117162,586,1200,75,1622,120881,30298.78582565325,933.3087352962784,151.54306425148772,310.3270940303503,19.395443376896893,419.4587887643568,31260.541211235643,370,20006,21246,42657,29517,301,0,26,36,25193.322066881752,8340.26045996121,0,2166.6666666666665,48000,22811.34401972873,16550.160902044157,1.346496212121212,40797.20034611397,1256.6966768160778,204.05216198786968,417.85425663044987,26.115891039403117,564.799670212158,42092.20032978784,0.9741974536487422,0.3225084997243144,0,0.08378256523569023,1.8561060606060606,0.8820890392830898,0.6399761240477007,-781.785825653249,-632.3087352962784,-151.54306425148772,-284.3270940303503,16.604556623103107,-49.458788764356825,-11254.541211235643,-2.5802546351257782,-67.74915002756856,-100,-91.62174347643098,85.61060606060606,-11.79109607169102,-36.00238759522993,"Blair County, Pennsylvania"
BRADFORD,26220,0.9700463861565286,0.012747968549527915,0.008964700463861565,0.00863572063032536,4.7702075862749615e-4,0.015067276375958154,0.9849327236240418,775,58973,525,545,29,916,59878,25434.61624502418,334.2517353686219,226.42859492713097,235.05444616245023,12.507484291212949,395.0639865776228,25824.936013422375,305,13314,2505,16392,14770,67,0,0,0,25045.359740898377,8645.161290322581,0,0,0,33296.94323144105,22235.211596913727,0.6251716247139588,15901.000361877817,208.96470046386156,141.55673257229333,146.94937000361878,7.819324275421916,246.98279435470607,16145.017205645292,0.5807046529703188,0.20044772520361212,0,0,0,0.7720268370756014,0.5155482280025832,-10664.616245024179,-267.2517353686219,-226.42859492713097,-235.05444616245023,-12.507484291212949,-90.06398657762281,-12510.936013422375,-41.92953470296812,-79.9552274796388,-100,-100,-100,-22.797316292439863,-48.445177199741686,"Bradford County, Pennsylvania"
BUCKS,260047,0.8840369409950749,0.05296012181990787,0.0574646550241155,0.007045102674048919,0.0011548043044733137,0.05507699757252171,0.9449230024274783,33249,555009,4423,36077,725,34578,593234,229891.15439494624,13772.120798901582,1832.0578150783992,14943.511145056164,300.3033949653718,14322.607987741554,245724.39201225844,5630,173036,87301,274711,207005,5119,66,916,540,37297.593372359726,15395.951757947607,1492.199864345467,2539.0137760900298,74482.75862068967,16282.02903580311,29168.254011064775,1.0563898064580632,242854.672097698,14548.728025268709,1935.3672006906525,15786.172846329791,317.23744528616845,15130.257080145011,259580.74291985497,0.9004478686655838,0.3716929349333237,0.036025063978221486,0.06129750840404364,1.7981814693179468,0.3930848351653979,0.7041873156465792,-22886.154394946236,-8653.120798901582,-1766.0578150783992,-14027.511145056164,239.6966050346282,-8692.607987741554,-72688.39201225844,-9.955213133441621,-62.830706506667624,-96.39749360217785,-93.87024915959563,79.81814693179467,-60.691516483460205,-29.58126843534208,"Bucks County, Pennsylvania"
BUTLER,73640,0.9588942538291817,0.018684914569543482,0.018130655837303746,0.004519340432108635,7.247998806211961e-4,0.015620503309564162,0.9843794966904358,3506,179925,848,3402,136,2931,184707,70612.97285198094,1375.957108901182,332.8042294204798,1335.1414958590478,53.37426320894488,1150.293863716305,72489.7061362837,783,67255,16926,86554,72375,624,8,132,161,40225.09378907878,17798.060467769537,943.3962264150942,3880.070546737213,118382.35294117648,26714.43193449335,36411.722349450756,1.175366648560565,82996.13324593099,1617.2540956522666,391.16699176073075,1569.2807853419883,62.73432886728701,1352.0170434560166,85201.98295654399,1.0249533064089034,0.45350250815471765,0.024038156047267178,0.09886592575348685,3.016435081637218,0.6806956245687754,0.9277869036130146,1762.0271480190568,-751.957108901182,-324.8042294204798,-1203.1414958590478,107.62573679105512,-367.29386371630494,-5234.706136283698,2.4953306408903364,-54.64974918452823,-97.59618439527328,-90.11340742465131,201.64350816372178,-31.93043754312246,-7.2213096386985365,"Butler County, Pennsylvania"
CAMBRIA,68790,0.9398626083119689,0.04842182139080556,0.007797701009516999,0.004381927591689552,0.001171557029722554,0.016652846351056304,0.9833471536489437,6365,123544,576,1025,154,2189,129260,64653.14882578034,3330.9370934735143,301.4327990323243,536.4038524446744,80.59140807461449,1145.5493004891632,67644.45069951084,360,34078,16805,51952,41855,557,0,40,28,33878.61814414298,8750.981932443048,0,3902.439024390244,18181.818181818184,16445.865692096846,26363.91768528547,0.7552260502980084,48827.74222702341,2515.61046489513,227.64990224345559,405.10616284642714,60.86473080814612,865.148673630077,51086.85132636992,0.6473775950617023,0.16722020991971306,0,0.07457067994142653,0.3474315769998282,0.3142597178892918,0.5037811623510815,-22798.148825780343,-2773.9370934735143,-301.4327990323243,-496.4038524446744,-52.59140807461449,-785.5493004891632,-33566.45069951084,-35.262240493829765,-83.2779790080287,-100,-92.54293200585735,-65.25684230001718,-68.57402821107081,-49.62188376489185,"Cambria County, Pennsylvania"
CAMERON,3500,0.9662297267273939,0.01888469229060209,0.005998666962897134,0.008886914019106865,6.665185514330149e-4,0.013108198178182626,0.9868918018218173,85,4349,40,27,3,59,4442,3381.804043545879,66.09642301710731,31.104199066874028,20.995334370139968,2.332814930015552,45.878693623639194,3454.1213063763607,13,1193,616,1833,1693,0,0,0,0,38928.48930788687,0,0,0,0,22033.898305084746,26857.27149932463,0.5237142857142857,1771.099089091313,34.61564096867363,16.289713397022883,10.995556542990446,1.2217285047767161,24.027327260608754,1808.972672739391,0.5006203724994251,0,0,0,0,0.28335593220338984,0.3453845114813147,-1688.8040435458788,-66.09642301710731,-31.104199066874028,-20.995334370139968,-2.332814930015552,-32.878693623639194,-2261.1213063763607,-49.93796275005749,-100,-100,-100,-100,-71.66440677966102,-65.46154885186853,"Cameron County, Pennsylvania"
CARBON,14440,0.9548266458901441,0.02856252434748734,0.008274250097389949,0.008118426178418387,0.0014647448383326841,0.05086092715231788,0.9491390728476821,1833,61276,521,531,94,3264,60911,13787.69676665368,412.4428515777172,117.23007401636151,119.48017140631086,21.15091546552396,734.4317880794702,13705.568211920528,808,22877,3569,28148,23983,356,0,0,11,39139.30413212351,19421.713038734313,0,0,11702.127659574468,24754.901960784315,37558.07653789956,1.9493074792243767,26876.460428515777,803.9779353330737,228.51746007012076,232.9035917413323,41.22963770938839,1431.6333774834436,26716.366622516554,1.7394493370353368,0.8631498852221431,0,0,0.520072051629634,1.100170244690674,1.6691755968280502,10195.30323334632,-56.44285157771719,-117.23007401636151,-119.48017140631086,-10.150915465523958,73.56821192052985,9171.431788079472,73.94493370353368,-13.685011477785691,-100,-100,-47.9927948370366,10.017024469067405,66.91755968280502,"Carbon County, Pennsylvania"
CENTRE,55800,0.8788875837171973,0.044710672136087724,0.07187532672000788,0.0053997207889250375,0.0015990061561737012,0.030319616730524412,0.9696803832694756,7270,142908,878,11687,260,4930,157671,49041.92717141961,2494.855505193695,301.3044200220171,4010.6432309764396,89.22454351449252,1691.834613563262,54108.16538643674,1241,49730,20487,72928,51589,1649,17,213,253,36099.44859629971,22682.25584594223,1936.21867881549,1822.5378625823564,97307.69230769231,25172.41379310345,31540.35935587394,1.3069534050179212,64095.513705327765,3260.659897540606,393.79083769472516,5241.723827036735,116.61232095743568,2211.1490089236845,70716.85099107632,1.0519366382091273,0.660960122366676,0.05642134290216441,0.05310868799171214,2.835542666115247,0.733523235693981,0.9190849411513367,2547.0728285803925,-845.8555051936951,-284.3044200220171,-3797.6432309764396,163.77545648550748,-450.8346135632621,-4378.16538643674,5.193663820912731,-33.9039877633324,-94.35786570978357,-94.6891312008288,183.55426661152472,-26.647676430601898,-8.091505884866335,"Centre County, Pennsylvania"
CHESTER,220210,0.8557038495573526,0.0738575636964025,0.06518849384967228,0.007219117156943492,0.001264159544596101,0.07520025436422352,0.9247997456357765,38560,446751,3769,34034,660,39261,482825,188434.54471102462,16264.174101584797,1589.7217891305263,14355.158230636333,278.3805733155074,16559.848013545663,203650.15198645435,10126,217888,50432,290356,215779,9521,48,1222,1047,48299.61208816544,24691.390041493778,1273.5473600424516,3590.527119938885,158636.36363636365,25791.497924148647,45127.73779319629,1.318541392307343,248458.74694207468,21444.986764632646,2096.1139812214847,18927.870320215443,367.05630873074546,21834.84505617849,268521.15494382154,1.1451138130267446,0.585397078298139,0.030193962445625694,0.0851261950838024,3.7610383064099975,0.6114790420610812,1.069913269765164,27344.455288975383,-6743.1741015847965,-1541.7217891305263,-13133.158230636333,768.6194266844926,-6433.848013545663,14237.848013545648,14.511381302674465,-41.460292170186094,-96.98060375543743,-91.48738049161976,276.1038306409998,-38.852095793891884,6.99132697651641,"Chester County, Pennsylvania"
CLARION,18240,0.9666683905668184,0.018437112122465866,0.009386636326023996,0.006050889532478279,5.947455523376086e-4,0.010524410426148118,0.9894755895738518,713,37383,234,363,23,407,38265,17632.03144393877,336.2929251137774,110.3682250724038,171.21224658667768,10.848158874637981,191.96524617294168,18048.034753827058,66,9873,2689,12728,10399,48,0,5,19,27817.45713292138,6732.1178120617105,0,1377.4104683195592,82608.69565217392,16216.216216216217,25801.646413171304,0.6978070175438597,12303.755275134467,234.66756309474556,77.01572196938353,119.47310715763342,7.569921390153083,133.95469590401325,12594.045304095987,0.5897788937743067,0.14273270834871188,0,0.0292035184379682,1.7514492753623188,0.3438122332859175,0.5470401700055706,-7233.031443938769,-288.2929251137774,-110.3682250724038,-166.21224658667768,8.151841125362019,-125.96524617294168,-8175.034753827058,-41.02211062256933,-85.72672916512882,-100,-97.07964815620318,75.14492753623188,-65.61877667140826,-45.29598299944294,"Clarion County, Pennsylvania"
CLEARFIELD,20030,0.9517669531996179,0.03409490775649726,0.008973005579852209,0.005592419444025536,5.780927964610667e-4,0.030349871814206,0.969650128185794,2713,75734,445,714,46,2415,77157,19063.892072588347,682.9210023626401,112.0161614638315,179.72930176443975,11.579198713115165,607.9079324385463,19422.092067561454,286,12962,14319,28307,20886,654,0,29,0,27578.102305437453,24106.155547364542,0,4061.624649859944,0,11842.650103519669,16799.512681934237,1.4132301547678483,26941.667144221585,965.124553863168,158.30461720203087,253.9988689488765,16.364072789423414,859.1138214447294,27447.886178555273,1.0955790098094205,0.9576510280653476,0,0.161353767667826,0,0.47046597805155616,0.6673843350608443,1822.1079274116528,-28.921002362640138,-112.0161614638315,-150.72930176443975,-11.579198713115165,-321.90793243854625,-6460.092067561454,9.557900980942048,-4.234897193465237,-100,-83.8646232332174,-100,-52.95340219484439,-33.26156649391557,"Clearfield County, Pennsylvania"
CLINTON,8010,0.9637688649989663,0.020958238577630763,0.00956171180483771,0.005349390117841637,9.56171180483771e-4,0.015634690924126525,0.9843653090758735,811,37294,207,370,37,605,38091,7719.78860864172,167.87549100682241,42.84861484391151,76.58931155675005,7.658931155675005,125.23387430225347,7884.766125697746,107,9202,2800,12461,9821,48,0,0,0,26333.994744462918,5918.618988902589,0,0,0,17685.950413223138,24157.937570554725,1.5556803995006243,12009.52382675212,261.160610915857,66.65875025842465,119.1484908000827,11.91484908000827,194.82388360554066,12266.17611639446,1.2721850944216442,0.2859261927522779,0,0,0,0.854401419712962,1.1670606145195825,2101.21139135828,-119.87549100682241,-42.84861484391151,-76.58931155675005,-7.658931155675005,-18.23387430225347,1317.2338743022538,27.218509442164418,-71.40738072477222,-100,-100,-100,-14.559858028703799,16.706061451958256,"Clinton County, Pennsylvania"
COLUMBIA,23290,0.9540443149582152,0.025270259909530017,0.014122517825653607,0.006562907306601242,0.0010120371080272943,0.028275703442459558,0.9717242965575404,1648,62218,428,921,66,1844,63371,22219.69209537683,588.544353292954,152.85011117074293,328.91344015947254,23.570344245955685,658.5411331748832,22631.458866825116,471,24563,1763,27369,24354,198,0,19,31,39143.01327590086,12014.563106796117,0,2062.975027144408,46969.696969696975,25542.299349240784,38760.631834750915,1.1751395448690425,26111.23885609139,691.6217434639269,179.6202100743694,386.5191903703136,27.698443609599018,773.8777275166757,26595.122272483324,1.0960547920944075,0.3364232430269252,0,0.05776595809155113,1.3152120171227084,0.7152172829801362,1.0853476191941953,2134.3079046231687,-390.54435329295404,-152.85011117074293,-309.91344015947254,7.429655754044315,-187.54113317488316,1931.5411331748837,9.605479209440748,-66.35767569730749,-100,-94.22340419084489,31.52120171227084,-28.47827170198638,8.53476191941953,"Columbia County, Pennsylvania"
CRAWFORD,21866,0.9584067677123722,0.02720009399600517,0.00853013746915756,0.005909998825049935,5.874750323111268e-4,0.013688168252849254,0.9863118317471508,2315,81570,503,726,50,1165,83945,20956.522382798732,594.757255316649,129.22803430854188,186.5199859005992,12.845729056515099,299.3054870168018,21566.6945129832,388,24555,4778,30193,25880,424,0,9,6,31727.35074169425,18315.334773218143,0,1239.6694214876034,12000,33304.721030042914,29251.29549109536,1.3808195371810117,28937.175537539657,821.252438021384,178.4405945247327,257.5504406062742,17.73763365056985,413.28686405827756,29779.713135941725,1.2349377214056514,0.7128958851864065,0,0.04825220180316927,0.46708131345467846,1.2963344035795081,1.1385611265193112,4923.477617201268,-170.75725531664898,-129.22803430854188,-177.5199859005992,-6.845729056515099,88.6945129831982,2988.3054870168016,23.493772140565138,-28.710411481359355,-100,-95.17477981968308,-53.29186865453215,29.633440357950814,13.856112651931118,"Crawford County, Pennsylvania"
CUMBERLAND,112440,0.8847732856556937,0.056810987094385,0.0530161549151638,0.006713627548968467,0.0013299831562013451,0.041842703608873454,0.9581572963911266,14267,222194,1686,13314,334,10508,240623,99483.90823912619,6387.82738889265,754.8802816060144,5961.136458661018,149.54330608327925,4704.793593781731,107735.20640621828,2303,77346,35494,118044,83824,2444,28,237,190,37725.59115007606,17130.44087754959,1660.7354685646499,1780.0811176205498,56886.22754491019,21916.63494480396,32144.059379194838,1.0498399146211312,104442.1777319407,6706.196160569583,792.5034503904336,6258.238990805596,156.99653169063157,4939.280104805858,113104.71989519415,0.8425885299813013,0.3826026990412581,0.03709197429349957,0.039757519668193374,1.2705349706137352,0.489500751540694,0.7179268744180521,-15659.90823912619,-3943.8273888926497,-726.8802816060144,-5724.136458661018,40.45669391672075,-2401.793593781731,-30389.206406218276,-15.741147001869871,-61.739730095874194,-96.29080257065004,-96.02424803318065,27.05349706137352,-51.049924845930605,-28.207312558194786,"Cumberland County, Pennsylvania"
DAUPHIN,111300,0.7195193307905686,0.21827684350439205,0.05527623670827554,0.010694781553398059,0.001867342810910772,0.09645168747110494,0.903548312528895,60433,199209,2961,15304,517,26704,250160,80082.50151699029,24294.212682038837,1190.329186893204,6152.245145631068,207.83525485436894,10735.07281553398,100564.92718446601,3849,77324,28722,114376,73892,10770,16,242,224,37092.70163496629,17821.3889762216,540.3579871664979,1581.2859383167797,43326.88588007737,14413.571000599162,30909.817716661335,1.0276370170709794,82295.7429785021,24965.63225265835,1223.2263349514565,6322.274849745724,213.5792013407305,11031.7582061951,103344.2417938049,0.9226984497271615,0.4433154570990671,0.013441659816609634,0.039335233605223445,1.0777767234772453,0.3585443774941497,0.7688962958046474,-6190.501516990291,-13524.212682038837,-1174.329186893204,-5910.245145631068,16.16474514563106,-6886.07281553398,-23240.92718446601,-7.730155027283847,-55.66845429009328,-98.65583401833904,-96.06647663947766,7.777672347724529,-64.14556225058503,-23.110370419535265,"Dauphin County, Pennsylvania"
DELAWARE,268860,0.6904150692371791,0.23783019685756795,0.0682818175223935,0.0076464312820775935,0.0013516597638841465,0.03936266765269421,0.9606373323473058,134429,390244,4322,38595,764,22249,542982,185624.99551510796,63943.02672712572,2055.819514499382,18358.249459070717,363.40724411789165,10583.046825103365,258276.95317489663,4478,166035,71011,249828,159803,22242,49,1034,1928,40949.50851262287,16545.5370492974,1133.7343822304488,2679.1035108174633,252356.02094240836,20126.747269540203,30578.361713647966,0.9292122294130775,172485.015917386,59416.64242053249,1910.2926343388813,17058.709907984525,337.68245549164857,9833.89653433729,239994.10346566272,0.8608916032916143,0.3478409005397389,0.0238347771554898,0.05632345296893795,5.305342783355591,0.4231295650490768,0.6428564297317174,-25821.995515107963,-41701.02672712572,-2006.819514499382,-17324.249459070717,1564.5927558821083,-6105.046825103365,-92241.95317489663,-13.91083967083857,-65.2159099460261,-97.61652228445102,-94.36765470310621,430.53427833555907,-57.687043495092325,-35.71435702682826,"Delaware County, Pennsylvania"
ELK,9300,0.9798405845234142,0.009099966788442378,0.005978080371969445,0.005313849219528396,7.970773829292594e-4,0.008535370308867486,0.9914646296911325,274,29503,160,180,24,257,29853,9112.517436067752,84.62969113251413,49.418797741614085,55.59614745931584,7.4128196612421124,79.37894387246762,9220.621056127531,78,6047,6785,13037,10600,13,0,7,6,35928.549639019766,4744.525547445255,0,3888.888888888889,25000,30350.19455252918,20255.92067798881,1.4018279569892473,12774.18170043175,118.6362670209233,69.2766522749917,77.93623380936566,10.391497841248755,111.27562271670541,12925.724377283294,1.1632350856246074,0.1536103916490071,0,0.12590800477897254,0.8094086021505376,0.9826283419103804,0.6558126576497239,1487.482563932248,-71.62969113251413,-49.418797741614085,-48.59614745931584,-1.4128196612421124,-1.378943872467616,-3173.621056127531,16.32350856246074,-84.63896083509928,-100,-87.40919952210274,-19.059139784946243,-1.7371658089619602,-34.418734235027614,"Elk County, Pennsylvania"
ERIE,111494,0.8762115900185605,0.09539890404501665,0.022482544265386088,0.00718483928939693,0.0013220693515599681,0.04327107209144743,0.9567289279085526,25905,237930,1951,6105,359,11750,259794,97692.33501752939,10636.405407595086,801.0664717320213,2506.6687903249567,147.4028002828271,4824.464911763839,106669.53508823617,2724,77878,31573,114159,81805,4186,27,378,281,34381.96108099021,16159.042655857942,1383.9056893900563,6191.646191646192,78272.98050139275,23182.978723404256,29976.827794329354,1.0239026315317417,100027.43890492886,10890.643486875057,820.2140684382642,2566.5847707922107,150.9261151047344,4939.782318887546,109219.21768111247,0.8373737815287284,0.3935540099863929,0.033705068122027504,0.15079774458395728,1.9063409885079192,0.5646222015954299,0.7300866169106293,-15887.335017529389,-6450.405407595086,-774.0664717320213,-2128.6687903249567,133.5971997171729,-2100.464911763839,-28791.535088236167,-16.262621847127157,-60.64459900136071,-96.62949318779725,-84.92022554160428,90.63409885079193,-43.53777984045701,-26.991338308937074,"Erie County, Pennsylvania"
FAYETTE,48910,0.9266821666167906,0.06050351818174843,0.006031168711585829,0.00604651519685704,0.002240586849596771,0.013075205451071568,0.9869247945489285,7885,120768,788,786,292,1704,128619,45324.02476922723,2959.227074269316,295.73505827827785,294.9844616836629,109.58710281377807,639.5082986119104,48270.49170138809,724,29431,20718,51544,36194,1278,5,34,29,29969.859565447798,16207.989854153457,634.5177664974619,4325.699745547074,9931.506849315068,42488.26291079813,22882.31132258842,1.0538540175833162,47764.90559609585,3118.593341160041,311.66157930679924,310.87056006997994,115.48880857561596,673.9483897700328,50870.051610229966,0.7985610321300047,0.4318695280643714,0.016907024919903643,0.11526030830892073,0.26462968045865626,1.1321197888619798,0.6097099690234493,-9130.024769227231,-1681.2270742693158,-290.73505827827785,-260.9844616836629,-80.58710281377807,84.49170138808961,-18839.49170138809,-20.143896786999527,-56.81304719356286,-98.30929750800964,-88.47396916910793,-73.53703195413436,13.211978886197983,-39.02900309765507,"Fayette County, Pennsylvania"
FOREST,200,0.7749862712795168,0.2127951674903899,0.0035694673256452497,0.009747391543108183,8.237232289950577e-4,0.06795716639209226,0.9320428336079077,1550,5645,71,26,6,495,6789,154.99725425590336,42.55903349807798,1.9494783086216365,0.7138934651290499,0.16474464579901155,13.591433278418453,186.40856672158154,94,1613,2256,3983,2601,770,0,0,0,46076.17360496014,49677.41935483871,0,0,0,18989.89898989899,23759.02194726764,19.915,3086.770318506315,847.5631521142229,38.823860516199886,14.217188358045028,3.2808896210873146,270.6733937397035,3712.326606260296,16.780942426926483,18.09251612903226,0,0,0,6.916121212121212,8.653035793194874,2446.0027457440965,727.440966501922,-1.9494783086216365,-0.7138934651290499,-0.16474464579901155,80.40856672158155,1426.5914332784184,1578.0942426926483,1709.2516129032258,-100,-100,-100,591.6121212121211,765.3035793194874,"Forest County, Pennsylvania"
FRANKLIN,48150,0.9247181053053778,0.05395946409279397,0.014471564701544194,0.0078147743225147,0.0013455902806978955,0.05871431436352933,0.9412856856364706,8341,142942,1208,2237,208,9076,145503,44525.17677045394,2598.14819606803,376.2813836290828,696.805840379353,64.79017201560367,2827.094236603937,45322.90576339606,1237,36240,6708,45046,36622,944,0,11,35,25620.1816121224,11317.58781920633,0,491.7299955297274,16826.923076923078,13629.35213750551,24906.702954578257,0.9355347871235722,41654.85177158604,2430.6580195239976,352.0243241319972,651.8861035457597,60.613459784317406,2644.8450048195423,42401.154995180455,0.8225009456739915,0.3633357024932701,0,0.015786320037173358,0.540205387810528,0.4375517391616748,0.7995956876460545,-7903.176770453938,-1654.1481960680298,-376.2813836290828,-685.805840379353,-29.790172015603673,-1590.0942366039371,-9082.905763396062,-17.749905432600855,-63.66642975067299,-100,-98.42136799628265,-45.97946121894721,-56.24482608383252,-20.04043123539455,"Franklin County, Pennsylvania"
FULTON,2900,0.9693631669535284,0.018864027538726333,0.004543889845094664,0.007573149741824441,4.130808950086059e-4,0.012185886402753872,0.9878141135972461,274,14080,110,66,6,177,14348,2811.1531841652322,54.70567986230637,21.962134251290877,13.177280550774526,1.197934595524957,35.33907056798623,2864.6609294320137,18,2301,655,3049,2660,19,0,0,0,18892.045454545456,6934.306569343065,0,0,0,10169.49152542373,16037.078338444382,1.0513793103448277,2955.5882960413082,57.516419965576596,23.09053356282272,13.854320137693632,1.2594836488812393,37.15476764199656,3011.8452323580036,0.9462308973354232,0.34731311351623456,0,0,0,0.5093512565751024,0.8032364236755333,-151.15318416523223,-35.70567986230637,-21.962134251290877,-13.177280550774526,-1.197934595524957,-17.339070567986226,-563.6609294320137,-5.3769102664576796,-65.26868864837654,-100,-100,-100,-49.06487434248976,-19.676357632446674,"Fulton County, Pennsylvania"
GREENE,11410,0.9443823136302884,0.04206104579798696,0.005809988816453452,0.008292190611276288,8.455852268077794e-4,0.015711519052944545,0.9842884809470555,1542,34622,304,213,31,576,36085,10775.40219852159,479.9165325550312,94.61389487466245,66.2919723957339,9.648127437876763,179.26843239409726,11230.731567605902,132,8422,3971,12688,9902,530,0,0,0,28600.311940384727,34370.94682230869,0,0,0,22916.666666666664,23339.337674934184,1.1120070113935145,11982.322795341099,533.6705490848586,105.21131447587355,73.71713810316142,10.728785357737106,199.3477537437604,12488.65224625624,0.9189448168680495,1.1043587041653453,0,0,0,0.7363259567630733,0.7499066244529028,-873.4021985215895,50.08346744496879,-94.61389487466245,-66.2919723957339,-9.648127437876763,-47.26843239409726,-2808.7315676059025,-8.105518313195049,10.43587041653453,-100,-100,-100,-26.367404323692668,-25.00933755470972,"Greene County, Pennsylvania"
HUNTINGDON,12610,0.9187796012776738,0.06610860226897236,0.010463707456768367,0.005353012446304659,8.591254543451922e-4,0.02081727062451812,0.9791827293754819,3001,41708,243,475,39,945,44450,11585.810772111467,833.6294746117414,67.50148694790175,131.9473510298491,10.833571979292874,262.5057825751735,12347.494217424826,224,10340,4384,15173,11577,779,0,14,0,27757.26479332502,25958.013995334888,0,2947.3684210526317,0,23703.703703703704,23262.09223847019,1.2032513877874702,13940.642890186144,1003.0658222271176,81.22125784778059,158.76583324154643,13.035510518779601,315.8604471858134,14857.139552814186,0.9992395204543928,0.9344679185711555,0,0.10610292583162903,0,0.8533145357887625,0.8374168732477036,-8.810772111466576,-54.62947461174144,-67.50148694790175,-117.9473510298491,-10.833571979292874,-38.5057825751735,-2007.4942174248263,-0.07604795456072067,-6.553208142884448,-100,-89.3897074168371,-100,-14.668546421123752,-16.258312675229636,"Huntingdon County, Pennsylvania"
INDIANA,29530,0.9483071020002132,0.03317108987340273,0.013690032093414337,0.005246266624033349,6.987127106500397e-4,0.01295579161781599,0.987044208382184,2801,80076,443,1156,59,1094,83347,28003.508722066294,979.5422839615827,154.9222534077048,404.26664771852535,20.63298634549567,382.5845264741062,29147.415473525893,260,18770,7685,27088,21290,232,6,35,70,26587.242119986015,8282.756158514816,1354.4018058690745,3027.6816608996537,118644.06779661016,23765.99634369287,22520.30666970617,0.9173044361666103,25687.742778981774,898.5384824907333,142.11087031181538,370.8355893464076,18.926729906088273,350.94648334339956,26737.0535166566,0.7602618732996068,0.23684531418257687,0.03872910358597714,0.08657652120827217,3.3926257124326313,0.6795883837649067,0.6439679023016115,-6713.508722066294,-747.5422839615827,-148.9222534077048,-369.26664771852535,49.36701365450433,-122.58452647410621,-10377.415473525893,-23.97381267003932,-76.31546858174232,-96.12708964140228,-91.34234787917278,239.26257124326312,-32.04116162350933,-35.60320976983885,"Indiana County, Pennsylvania"
JEFFERSON,8000,0.9790434264227083,0.009561150089420828,0.004562755078644472,0.0070160957490713995,6.419956894575137e-4,0.00969872059430458,0.9903012794056955,417,42700,306,199,28,423,43191,7832.3474113816665,76.48920071536662,56.128765992571196,36.50204062915578,5.135965515660109,77.58976475443664,7922.410235245564,83,9624,6418,16256,13042,12,0,9,0,30543.325526932087,2877.6978417266187,0,4522.613065326634,0,19621.74940898345,22282.4199486004,2.032,15915.329939927546,155.42605585362497,114.05365249690468,74.17214655844454,10.43628192782134,157.66240198101525,16098.337598018987,1.6651457494145199,0.15688489208633094,0,0.2465615577889447,0,1.0697287234042554,1.2147818295478223,5209.6525886183335,-64.48920071536662,-56.128765992571196,-27.50204062915578,-5.135965515660109,5.4102352455633564,1701.5897647544361,66.51457494145198,-84.3115107913669,-100,-75.34384422110553,-100,6.97287234042554,21.478182954782234,"Jefferson County, Pennsylvania"
JUNIATA,4000,0.9718423820697467,0.014078808965126628,0.006068452140140788,0.008334007605793349,7.282142568168946e-4,0.04098228011975079,0.9590177198802492,348,24022,206,150,18,1013,23705,3887.3695282789868,56.31523586050651,33.3360304231734,24.273808560563154,2.9128570272675782,163.92912047900316,3836.0708795209966,144,6464,634,7384,6421,39,0,0,0,26729.664474231955,11206.896551724138,0,0,0,14215.202369200395,27268.508753427544,1.846,7176.0841492030095,103.95792539849502,61.5383121611781,44.809450602799586,5.3771340723359495,302.6131564042399,7081.38684359576,1.6517596161851638,0.6925301724137931,0,0,0,0.8784284304047384,1.6850574984180553,2533.6304717210132,-17.31523586050651,-33.3360304231734,-24.273808560563154,-2.9128570272675782,-19.92912047900316,2627.9291204790034,65.17596161851638,-30.74698275862069,-100,-100,-100,-12.15715695952616,68.50574984180552,"Juniata County, Pennsylvania"
LACKAWANNA,85780,0.9083412200562138,0.05027845283898245,0.035078875155158395,0.006677161160228089,0.001226999700383794,0.08071565470896803,0.919284345291032,10572,190996,1404,7376,258,16972,193297,77917.50985642201,4312.885684527914,572.7668843243655,3009.0659108094874,105.25203429892186,6923.788860935278,78856.21113906472,2798,78049,25145,108015,83295,1304,161,417,284,43610.860960438964,12334.468407113129,11467.236467236467,5653.470715835141,110077.51937984496,16485.976903134575,40377.7606481218,1.2592096059687572,98114.47688437192,5430.827083402689,721.233562722037,3789.044699884434,132.5343726369555,8718.501443389181,99296.49855661081,1.0690151694206738,0.3023497712165156,0.2810916699381376,0.13858121169829088,2.69828513901616,0.40411399830324135,0.9897635059127913,5377.49014357799,-3008.8856845279142,-411.7668843243655,-2592.0659108094874,178.74796570107816,-4125.788860935278,-807.2111390647187,6.901516942067376,-69.76502287834845,-71.89083300618624,-86.14187883017091,169.82851390161602,-59.588600169675864,-1.0236494087208725,"Lackawanna County, Pennsylvania"
LANCASTER,275970,0.8986081927462778,0.06534931218506937,0.02863949967737132,0.008421435780347777,0.0016159009061178118,0.10790688439966248,0.8920931156003375,35548,488815,4581,15579,879,58698,485271,247988.90295219028,18034.449683713592,2324.063632302576,7903.642725964163,445.94017306133253,29779.062887774853,246190.93711222516,14922,181187,26917,227918,179072,6628,16,542,338,36633.90035084848,18645.212107572857,349.26871862038854,3479.0423005327684,38452.78725824801,25421.64980067464,37337.28164262855,0.8258796245968765,204808.98207434613,14894.28453459664,1919.3968001853048,6527.457487467116,368.2929027205594,24593.921278602273,203324.07872139773,0.7220968271895749,0.367518838458684,0.006884493082552964,0.06857597424279847,0.7579492057862054,0.501090314904634,0.7359612913671417,-68916.90295219028,-11406.449683713592,-2308.063632302576,-7361.642725964163,-107.94017306133253,-14857.062887774853,-65003.93711222516,-27.79031728104251,-63.248116154131594,-99.3115506917447,-93.14240257572015,-24.20507942137946,-49.890968509536606,-26.403870863285828,"Lancaster County, Pennsylvania"
LAWRENCE,18370,0.9304523499907115,0.05768159019134312,0.007152145643693108,0.005097064833735835,8.940182054616385e-4,0.01533763700538733,0.9846623629946126,4968,80138,439,616,77,1321,84807,17092.40966932937,1059.6108118149732,93.63308099572728,131.38491547464238,16.423114434330298,281.75239178896527,18088.247608211033,241,17253,12431,30909,21834,505,0,9,20,27245.50150989543,10165.056360708533,0,1461.038961038961,25974.02597402597,18243.754731264195,20343.83954154728,1.6825802939575394,28759.351685862897,1782.8802712242245,157.5451769459409,221.06566970091023,27.63320871261378,474.071022199517,30434.92897780048,1.277409120328946,0.4765900785166601,0,0.06850101449992577,1.2177958133320137,0.8553609730508015,0.9538237409005902,4741.590330670631,-554.6108118149732,-93.63308099572728,-122.38491547464238,3.576885565669702,-40.75239178896527,-835.2476082110334,27.74091203289459,-52.34099214833399,-100,-93.14989855000742,21.77958133320137,-14.46390269491985,-4.6176259099409815,"Lawrence County, Pennsylvania"
LEBANON,29750,0.9278189317881123,0.04680236877295014,0.018353037731977728,0.007195466219514783,0.0014504135447399515,0.13744260253716242,0.8625573974628375,6615,131137,1017,2594,205,19426,121913,27602.61322069634,1392.3704709952667,214.0651200305648,546.0028725263373,43.14980295601356,4088.917425480582,25661.082574519416,3467,38977,6605,49889,39077,603,0,109,67,29798.607563082885,9115.646258503402,0,4202.004626060138,32682.926829268294,17847.215072583138,31971.159761469244,1.6769411764705882,46287.95868797713,2334.9233757137094,358.974614225373,915.6146994106367,72.35968133353144,6856.873997976496,43032.1260020235,1.4156992922213685,0.4330743954724747,0,0.19963264935889546,1.552730149620824,0.8479016911407825,1.5189148737903535,11474.386779303659,-789.3704709952667,-214.0651200305648,-437.00287252633734,23.85019704398644,-621.9174254805821,13315.917425480584,41.56992922213685,-56.69256045275253,-100,-80.03673506411046,55.27301496208239,-15.209830885921749,51.891487379035354,"Lebanon County, Pennsylvania"
LEHIGH,292250,0.8284988285884151,0.11512410447416786,0.043158983491648095,0.015628775189421188,0.0026333006659264467,0.254965943549635,0.745034056450365,42407,305185,5757,15898,970,93919,274440,242128.7826549643,33645.019532575556,4567.509549108342,12613.212925434156,769.5821196170041,74513.79700238082,217736.20299761917,20801,141003,23668,190129,138805,6218,26,282,426,45482.24847223815,14662.673615205038,451.62410977939896,1773.8080261668135,43917.52577319588,22147.808217719525,51378.44337560122,0.6505697177074422,157521.65378068676,21888.43085956906,2971.4833979894606,8205.77437228356,500.66682231192937,48476.41988114854,141652.58011885145,0.5732693093237013,0.18481190043535714,0.005692379998433863,0.02235750729549294,0.5535471642870371,0.2791563554241556,0.6475863823231169,-103323.7826549643,-27427.019532575556,-4541.509549108342,-12331.212925434156,-343.5821196170041,-53712.797002380816,-76733.20299761917,-42.67306906762987,-81.5188099564643,-99.43076200015662,-97.7642492704507,-44.64528357129629,-72.08436445758444,-35.2413617676883,"Lehigh County, Pennsylvania"
LUZERNE,103610,0.897419925186954,0.07552090706885757,0.017520347072129468,0.010699712765723167,0.0015635863700571638,0.12837453084543776,0.8716254691545623,24005,285253,3401,5569,497,40805,277054,92981.67844862031,7824.721181404333,1108.5972396565774,1815.283160143334,162.00318380162275,13300.885140895807,90309.1148591042,6045,105529,22015,136431,112502,2339,26,134,260,39439.374870728796,9743.803374297022,764.4810349897089,2406.1770515352846,52313.88329979879,14814.360985173385,38089.68648711081,1.3167744426213686,122435.89781318132,10303.392872311308,1459.7725123403775,2390.3184713976952,213.32165205326893,17514.26561777392,118916.73438222609,1.2099372895507172,0.2989243892240785,0.023453062185193888,0.07381768472386391,1.6049067302181974,0.4544810315979371,1.1685309967287478,19520.32155137969,-5485.721181404333,-1082.5972396565774,-1681.283160143334,97.99681619837725,-7255.885140895807,15219.8851408958,20.993728955071724,-70.10756107759215,-97.6546937814806,-92.61823152761362,60.49067302181974,-54.5518968402063,16.853099672874784,"Luzerne County, Pennsylvania"
LYCOMING,28230,0.9215305710220786,0.06280188994080761,0.009397010521138883,0.006779899179737587,0.0011592573727012454,0.0204275200674477,0.9795724799325523,7151,104931,772,1070,132,2326,111540,26014.808019953278,1772.8973530289989,191.39655384399208,265.27760701175066,32.725835631356155,576.6688915040486,27653.33110849595,270,29462,12753,43328,31095,945,0,24,41,29633.759327558113,13214.934974129492,0,2242.9906542056074,31060.60606060606,11607.910576096303,26413.842567688724,1.534821112291888,39928.07658124462,2721.080287355312,293.75947165967017,407.1536718599055,50.22830344439956,885.0835894823739,42442.916410517624,1.1952807791681657,0.5330257831258338,0,0.09047126242712565,1.2528327912493693,0.4682062860991079,1.0654051001815246,5080.191980046722,-827.8973530289989,-191.39655384399208,-241.27760701175066,8.274164368643845,-306.6688915040486,1808.6688915040504,19.528077916816567,-46.69742168741662,-100,-90.95287375728743,25.283279124936932,-53.179371390089216,6.540510018152457,"Lycoming County, Pennsylvania"
MCKEAN,12620,0.9533089133089133,0.03054945054945055,0.009084249084249084,0.007643467643467644,5.616605616605617e-4,0.02131868131868132,0.9786813186813187,1251,39038,313,372,23,873,40077,12030.758485958486,385.53406593406595,96.46056166056167,114.64322344322345,7.088156288156288,269.04175824175826,12350.958241758242,136,9490,4540,15370,11689,29,0,6,11,29942.620011271072,2318.1454836131097,0,1612.9032258064515,47826.08695652174,15578.465063001146,23679.41712204007,1.2179080824088748,14652.357997557998,469.54505494505497,117.48009768009769,139.62490842490843,8.632722832722832,327.6681318681319,15042.331868131869,0.9715929393514662,0.07522033086684377,0,0.05233628137620776,1.551884517329291,0.505497737186923,0.7683614351406822,-341.75848595848583,-356.53406593406595,-96.46056166056167,-108.64322344322345,3.911843711843712,-133.04175824175826,-2860.9582417582424,-2.840706064853382,-92.47796691331563,-100,-94.76637186237923,55.1884517329291,-49.4502262813077,-23.163856485931777,"Mckean County, Pennsylvania"
MERCER,46840,0.9132441998352508,0.07106842519756316,0.010274189606322022,0.006209774510957627,8.599541961238697e-4,0.015587801323424248,0.9844121986765757,7851,100887,686,1135,95,1722,108749,42776.35832028315,3328.845036253859,290.86583809325526,481.2430411601235,40.28025454644205,730.1326139891918,46109.8673860108,319,26672,12763,40345,29091,1315,0,8,23,28835.231496624936,16749.458667685645,0,704.8458149779736,24210.526315789473,18524.970963995354,24526.202539793467,0.861336464560205,36844.8372423532,2867.255614595686,250.53335264458548,414.51217966706196,34.69485204261752,628.8898443935512,39716.110155606446,0.6800719168795161,0.3950319061652222,0,0.01662361699966518,0.5709993707582364,0.4369069315464412,0.5784445176715467,-13685.35832028315,-2013.8450362538588,-290.86583809325526,-473.2430411601235,-17.280254546442052,-411.1326139891918,-19437.867386010803,-31.992808312048393,-60.49680938347778,-100,-98.33763830003348,-42.90006292417636,-56.30930684535588,-42.155548232845334,"Mercer County, Pennsylvania"
MIFFLIN,8950,0.9711540542295125,0.01555906602324122,0.009110384973274762,0.0044578130748090285,6.059163402653048e-4,0.0164246607950488,0.9835753392049512,719,44878,206,421,28,759,45452,8691.828785354137,139.25364090800892,39.89742701954081,81.53794551080912,5.422951245374478,147.00071411568675,8802.999285884312,117,13835,1308,15530,13582,66,0,0,6,30264.272026382638,9179.41585535466,0,0,21428.571428571428,15415.01976284585,30438.704567455778,1.735195530726257,15082.02246218433,241.63229534093614,69.22983705178422,141.48427863495706,9.409880764320183,255.07498214710785,15274.925017852891,1.562617066604657,0.47395529172267503,0,0,1.106408619313647,0.7959145008501336,1.5716234377281553,4890.171214645863,-73.25364090800892,-39.89742701954081,-81.53794551080912,0.5770487546255216,-30.000714115686748,5032.0007141156875,56.261706660465705,-52.6044708277325,-100,-100,10.640861931364709,-20.40854991498664,57.162343772815525,"Mifflin County, Pennsylvania"
MONROE,63920,0.7770151334365069,0.17933299467199074,0.03300176025139698,0.014790837241721502,0.002610842676054674,0.16552860703864283,0.8344713929613572,30360,131544,2504,5587,442,28023,141271,49666.807329261515,11462.965019433648,945.4303164908384,2109.472515269295,166.88506385341475,10580.58856191005,53339.411438089955,5528,45832,8437,61730,44617,5157,0,24,80,33917.92860183665,16986.166007905136,0,429.5686414891713,18099.547511312216,19726.653106376903,32442.61030218516,0.965738423028786,47965.14418703556,11070.225761101989,913.0383829314684,2037.1986603187356,161.167318392855,10218.080912495423,51511.91908750458,0.8983263148809972,0.4498836026505464,0,0.011377251813558786,0.47937183923343096,0.5224662094791883,0.8592520757975805,-5049.807329261515,-6305.965019433648,-945.4303164908384,-2085.472515269295,-86.88506385341475,-5052.58856191005,-7507.4114380899555,-10.167368511900277,-55.01163973494536,-100,-98.86227481864412,-52.0628160766569,-47.75337905208117,-14.074792420241955,"Monroe County, Pennsylvania"
MONTGOMERY,376403,0.7971421799343108,0.11140806168402417,0.08750380929807335,0.006682597191519414,0.001293952043960509,0.05304598729750255,0.9469540127024975,92126,659176,5526,72359,1070,43865,783059,300046.7079538144,41934.328642051754,2515.3496306794823,32936.6963312227,487.0474312028675,19966.668756741852,356436.33124325814,10532,312133,95728,429472,303234,22204,188,3437,1003,46001.97822736265,24101.77365781647,3402.0991675714804,4749.927445100126,93738.31775700935,24010.030776245298,39860.725692444634,1.140989843332811,342350.2463007484,47846.643067561236,2869.988381036226,37580.43598686216,555.7161722238078,22781.76625663302,406690.233743367,1.010622652946008,0.5294945863932068,0.0747411006831741,0.10435169227163375,2.0593476851379293,0.5274790766709051,0.8757047827062772,3187.292046185583,-19730.328642051754,-2327.3496306794823,-29499.6963312227,515.9525687971325,-9434.668756741852,-44303.331243258144,1.062265294600806,-47.05054136067932,-92.5258899316826,-89.56483077283663,105.93476851379293,-47.25209233290949,-12.429521729372283,"Montgomery County, Pennsylvania"
MONTOUR,10390,0.9335526315789474,0.02598684210526316,0.03574561403508772,0.005537280701754386,6.030701754385965e-4,0.029166666666666667,0.9708333333333333,474,17028,101,652,11,532,17708,9699.611842105263,270.0032894736842,57.53234649122807,371.3969298245614,6.265899122807018,303.0416666666667,10086.958333333334,172,9136,709,10196,8718,124,0,13,55,51198.02677942212,26160.337552742618,0,1993.8650306748466,500000,32330.827067669172,51592.500564716516,0.9813282001924928,9518.502631578947,264.96184210526314,56.45811403508772,364.4622807017544,6.14890350877193,297.3833333333333,9898.616666666667,0.8987988531825405,0.45925366406354695,0,0.035002981866707604,8.7776708373436,0.5675787157981576,0.9057239752650906,-981.6118421052633,-146.00328947368422,-57.53234649122807,-358.3969298245614,48.73410087719298,-131.04166666666669,-950.9583333333339,-10.120114681745951,-54.0746335936453,-100,-96.49970181332924,777.76708373436,-43.242128420184244,-9.427602473490937,"Montour County, Pennsylvania"
NORTHAMPTON,80230,0.8717215429269382,0.08471782613834859,0.03577901524802669,0.009538225134947006,0.0018189937090398076,0.13833217320497498,0.8616678267950251,25802,265495,2905,10897,554,42131,262433,69938.21938902825,6796.911191079707,765.2518025767982,2870.550393349181,145.93786527626378,11098.390256235143,69131.60974376486,11545,125133,21418,162070,127428,4776,0,98,197,47996.38411269516,18510.193008293933,0,899.3300908506928,35559.56678700361,27402.625145379887,47681.884519096304,2.0200673064938304,141279.9104621689,13730.218082242156,1545.8601476208612,5798.705001247685,294.8043104240817,22419.495311330298,139650.50468866972,1.8220080681663826,0.7026721205755992,0,0.03413979431507546,1.3498895548942997,1.0402409478720527,1.810069235532101,57489.78061097175,-2020.9111910797074,-765.2518025767982,-2772.550393349181,51.06213472373622,446.60974376485683,56001.39025623514,82.20080681663826,-29.732787942440076,-100,-96.58602056849246,34.988955489429976,4.024094787205268,81.00692355321011,"Northampton County, Pennsylvania"
NORTHUMBERLAND,14540,0.951010101010101,0.03614404918752745,0.006796223100570926,0.006686429512516469,8.78348704435661e-4,0.036923583662714095,0.9630764163372859,3292,86618,609,619,80,3363,87717,13827.686868686867,525.5344751866492,97.22068511198947,98.81708388230126,12.771190162494511,536.8689064558629,14003.131093544138,581,30300,4193,35922,29198,512,0,6,23,33708.92886005218,15552.855407047386,0,969.3053311793215,28749.999999999996,17276.24145108534,34542.90502411163,2.4705639614855572,34162.184848484845,1298.3665349143612,240.18992094861665,244.1339262187088,31.552042160737816,1326.3689723320156,34595.63102766799,2.111560688152375,0.9742462658004648,0,0.06071824591734017,1.8009284731774415,1.0822008743912332,2.1638017810151906,15370.313131313133,-13.53447518664916,-97.22068511198947,-92.81708388230126,10.228809837505489,44.131093544137116,16296.868906455862,111.15606881523749,-2.5753734199535194,-100,-93.92817540826599,80.09284731774416,8.220087439123326,116.38017810151906,"Northumberland County, Pennsylvania"
PERRY,10600,0.9683234389218702,0.01705160982796724,0.007453308488971703,0.007561641461195129,0.0011483295055683149,0.022034926550244832,0.9779650734497551,787,44692,349,344,53,1017,45137,10264.228452571824,180.74706417645274,80.15339948866837,79.00506998310006,12.172292759024138,233.57022143259522,10366.429778567404,130,10824,6278,17847,12683,50,0,0,5,28378.680748232342,6353.240152477764,0,0,9433.962264150945,12782.694198623401,23980.326561357644,1.683679245283019,17281.66841443862,304.32008059973134,134.95261515794948,133.019196602678,20.494236685877716,393.2573341422195,17453.74266585778,1.235650595522562,0.2766296660353384,0,0,0.41076895692417226,0.5565778000408156,1.0441396152008497,2418.771547428176,-130.74706417645274,-80.15339948866837,-79.00506998310006,-7.172292759024138,-103.57022143259522,457.57022143259564,23.56505955225621,-72.33703339646615,-100,-100,-58.923104307582776,-44.34221999591844,4.413961520084975,"Perry County, Pennsylvania"
PHILADELPHIA,2970,0.4477371696750173,0.45766144309898005,0.08451545600129326,0.017533556623170615,0.003010876538906486,0.15061518370893512,0.8493848162910649,724749,709033,27766,133838,4768,238513,1345079,1329.7793939348014,1359.2544860039707,52.07466317081673,251.01090432384098,8.942303320552263,447.3270956155373,2522.6729043844625,5680,60937,30506,99568,43660,23662,16,867,314,6157.682364572594,3264.854453058921,57.62443275949003,647.7980842511095,6585.5704697986575,2381.4215577347986,4530.365874420759,33.52457912457913,44580.294510202126,45568.43456647925,1745.781165855852,8415.034923136767,299.786955225841,14996.452611531253,84571.54738846875,32.832513572654015,17.408072030398934,0.30725114721369134,3.4540332115669465,35.1139956613111,12.69764352678911,24.155727797325653,42330.220606065195,22302.74551399603,-36.07466317081673,615.989095676159,305.05769667944776,5232.6729043844625,58414.32709561554,3183.2513572654016,1640.8072030398935,-69.27488527863086,245.40332115669466,3411.39956613111,1169.7643526789109,2315.5727797325653,"Philadelphia County, Pennsylvania"
PIKE,6200,0.8941914664754392,0.07513445679455001,0.02015059160989602,0.012764431695948368,0.0018286124058802438,0.11337396916457512,0.8866260308354249,4191,49878,712,1124,102,6324,49456,5543.987092147723,465.8336321262101,79.13947651487989,124.93366798135533,11.33739691645751,702.9186088203658,5497.081391179634,897,10967,7163,19414,12451,590,0,5,21,24962.909499177993,14077.785731329037,0,444.8398576512456,20588.235294117647,14184.060721062619,22175.26690391459,3.131290322580645,17359.833130154177,1458.660344209394,247.80867694514163,391.20358551452136,35.500681247759054,2201.0422373610613,17212.957762638936,2.245856599780885,1.2665465936992482,0,0.04002123751578464,1.8522770398481976,1.2761079145497949,1.9950586901618643,6907.012907852277,124.16636787378991,-79.13947651487989,-119.93366798135533,9.66260308354249,194.08139117963424,5469.918608820366,124.58565997808849,26.654659369924815,-100,-95.99787624842153,85.22770398481975,27.610791454979488,99.50586901618644,"Pike County, Pennsylvania"
POTTER,6010,0.9759971124345787,0.010587739878481621,0.005654815616916321,0.008422065812428563,5.414185165132648e-4,0.013715935751669375,0.9862840642483306,176,16224,140,94,9,228,16395,5865.742645731818,63.632316669674545,50.61661553269566,33.985441857667084,3.2539252842447213,82.43277386753294,5927.567226132467,74,1845,2013,3984,3227,0,0,0,0,19890.285996055227,0,0,0,0,32456.140350877195,11253.430924062215,0.6628951747088186,3888.3724959393617,42.18155567587078,33.55351019671539,22.52878541779462,2.157011369788847,54.64428803465079,3929.355711965349,0.5501434677411414,0,0,0,0,0.8977011997547946,0.31125754118250615,-2638.742645731818,-63.632316669674545,-50.61661553269566,-33.985441857667084,-3.2539252842447213,-8.432773867532944,-4082.567226132467,-44.985653225885855,-100,-100,-100,-100,-10.229880024520543,-68.87424588174939,"Potter County, Pennsylvania"
SCHUYLKILL,51490,0.9431089800091669,0.041857349363607514,0.008630962874167048,0.006853999929485597,0.0011705390826076225,0.04768183901561894,0.952318160984381,5936,133747,972,1224,166,6762,135053,48560.681380672,2155.234918732151,352.91245636921343,444.4082783908613,60.27105736346648,2455.137890914219,49034.86210908578,1166,46660,12292,61411,50440,1099,0,10,26,37712.99543167323,18514.150943396227,0,816.9934640522877,15662.65060240964,17243.419106773144,34549.39912478804,1.1926781899397942,57917.26557134295,2570.5016817685014,420.91098966964006,530.0360610654726,71.88397560201672,2928.1894157881748,58482.810584211824,1.0387004170018916,0.509921211116282,0,0.02250183105546226,0.4313845009090548,0.4749224083563864,0.9515678844206287,1879.318619327998,-1056.234918732151,-352.91245636921343,-434.4082783908613,-34.27105736346648,-1289.137890914219,-2374.862109085778,3.870041700189164,-49.007878888371806,-100,-97.74981689445377,-56.86154990909452,-52.50775916436137,-4.843211557937133,"Schuylkill County, Pennsylvania"
SNYDER,7610,0.966484031788341,0.019250703391085443,0.00920578508317291,0.005207562071178242,0.0010118959474801322,0.021595340342563798,0.9784046596574362,780,39160,211,373,41,875,39643,7354.943481909275,146.4978528061602,39.62954736166642,70.05602448294584,7.700528160323806,164.34054000691052,7445.6594599930895,161,11776,1049,13245,10549,70,0,0,0,26938.202247191013,8974.358974358975,0,0,0,18400,29705.118179754307,1.740473061760841,12801.081001036577,254.97556641492667,68.97415963275581,121.93062342662519,13.40256182437435,286.0302828372575,12958.969717162743,1.4342734279259992,0.4778227029212575,0,0,0,0.979673061760841,1.5815926128873654,3194.056518090725,-76.49785280616021,-39.62954736166642,-70.05602448294584,-7.700528160323806,-3.3405400069105156,4330.3405400069105,43.42734279259992,-52.21772970787425,-100,-100,-100,-2.0326938239158987,58.159261288736545,"Snyder County, Pennsylvania"
SOMERSET,38940,0.9544211609270089,0.03378817413905133,0.007485921594108729,0.004697314273337665,6.768464370803552e-4,0.015310266406757634,0.9846897335932424,2496,70505,347,553,50,1131,72741,37165.160006497725,1315.7115009746587,182.91341780376868,291.5017868745939,26.356400259909034,596.1817738791423,38343.81822612086,210,16824,8199,25544,20345,551,0,7,23,28856.10949578044,22075.32051282051,0,1265.8227848101264,46000,18567.63925729443,23128.634470243742,0.6559835644581408,24379.734134719514,863.0851202079272,119.98819579813733,191.2203811999134,17.289365388780595,391.08544509421705,25152.914554905783,0.5474212944715698,0.41878481687803726,0,0.024013574925396422,0.8726533127889059,0.35224156322928973,0.43876694545091055,-16820.160006497725,-764.7115009746587,-182.91341780376868,-284.5017868745939,-3.3564002599090337,-386.18177387914227,-21519.818226120857,-45.257870552843016,-58.12151831219627,-100,-97.59864250746035,-12.73466872110941,-64.77584367707104,-56.123305454908945,"Somerset County, Pennsylvania"
SULLIVAN,200,0.9428900592495063,0.041474654377880185,0.00576036866359447,0.010862409479921,3.291639236339697e-4,0.01991441737985517,0.9800855826201448,252,5729,66,35,2,121,5955,188.57801184990126,8.294930875576037,2.1724818959842,1.1520737327188941,0.06583278472679394,3.982883475971034,196.01711652402895,29,2622,592,3291,2863,0,0,0,0,49973.81742014313,0,0,0,0,23966.942148760332,44030.22670025189,16.455,3103.051184990125,136.49308755760367,35.748189598420005,18.957373271889402,1.083278472679394,65.53834759710335,3225.461652402896,15.182045732239482,0,0,0,0,7.281157024793388,13.376382871536524,2674.4219881500985,-8.294930875576037,-2.1724818959842,-1.1520737327188941,-0.06583278472679394,25.017116524028967,2425.982883475971,1418.2045732239483,-100,-100,-100,-100,628.1157024793388,1237.6382871536525,"Sullivan County, Pennsylvania"
SUSQUEHANNA,10500,0.9770463510848126,0.010478303747534517,0.0060157790927021695,0.00648422090729783,0.001282051282051282,0.017233727810650887,0.9827662721893491,425,39629,263,244,52,699,39861,10258.986686390534,110.02218934911242,68.08431952662721,63.16568047337278,13.461538461538462,180.9541420118343,10319.045857988165,162,9495,2290,12194,10306,37,0,5,0,26006.20757526054,8705.882352941177,0,2049.180327868852,0,23175.96566523605,23820.27545721382,1.1613333333333333,11914.103205128205,127.7724358974359,79.06858974358974,73.35641025641026,15.633333333333333,210.1480769230769,11983.851923076922,1.004582646907207,0.33629579831932777,0,0.07915690866510539,0,0.8952544451256899,0.9201432119472309,47.01331360946642,-73.02218934911242,-68.08431952662721,-58.16568047337278,-13.461538461538462,-18.954142011834307,-824.0458579881652,0.4582646907207,-66.37042016806723,-100,-92.08430913348946,-100,-10.474555487431015,-7.985678805276908,"Susquehanna County, Pennsylvania"
TIOGA,11780,0.9723519292209388,0.013615138854755468,0.007520275251904645,0.0071270582452691075,6.881297616121898e-4,0.013172769722290489,0.9868272302777095,554,39565,290,306,28,536,40154,11454.30572622266,160.38633570901942,83.95674612927009,88.58884246743672,8.106168591791596,155.17522732858197,11624.824772671418,100,4737,7383,12468,8559,29,0,0,5,21632.756223935296,5234.657039711192,0,0,17857.14285714286,18656.716417910447,11797.08123723664,1.0584040747028862,12123.283853526666,169.75355124109117,88.86016220201523,93.76279184074711,8.579601867780783,164.23809289751782,12303.761907102482,0.7472299242376292,0.18081340827321593,0,0,0.6168142129517341,0.6444327598003192,0.4074900131945321,-2895.3057262226594,-131.38633570901942,-83.95674612927009,-88.58884246743672,-3.1061685917915955,-55.17522732858197,-6887.824772671418,-25.277007576237075,-81.9186591726784,-100,-100,-38.31857870482659,-35.55672401996808,-59.25099868054679,"Tioga County, Pennsylvania"
UNION,11660,0.8881755781149343,0.0814803296532421,0.021769553724148655,0.009774085345536131,0.0021547415420841015,0.0601106248750472,0.9398893751249527,3668,39983,440,980,97,2706,42311,10356.127240820135,950.060643756803,113.96583512895128,253.83299642357332,25.124286380700624,700.8898860430504,10959.11011395695,278,14474,1304,16485,11645,175,0,0,25,29124.878073181106,4770.992366412214,0,0,25773.195876288657,10273.466371027347,34208.59823686512,1.4138078902229845,14641.574405224692,1343.203234333696,161.1257969211631,358.87109314259055,35.52091432125641,990.9236510651531,15494.076348934845,1.1244550910981077,0.1841987678891755,0,0,0.995053137875546,0.3966386240347668,1.3207276730951605,1288.8727591798652,-775.060643756803,-113.96583512895128,-253.83299642357332,-0.12428638070062448,-422.8898860430504,3514.889886043051,12.445509109810772,-81.58012321108245,-100,-100,-0.49468621244540545,-60.33613759652332,32.072767309516045,"Union County, Pennsylvania"
VENANGO,18560,0.9690045116306322,0.018671510322064024,0.006503779223062049,0.006074100115232124,8.007656100466788e-4,0.010917755512587645,0.9890822444874123,956,49614,311,333,41,559,50642,17984.723735864533,346.54323157750827,112.73529813870822,120.71014238003163,14.862209722466359,202.6335423136267,18357.366457686374,154,8517,7746,16648,12247,82,0,5,16,24684.564840569194,8577.405857740587,0,1501.5015015015015,39024.39024390244,27549.194991055454,16818.056158919473,0.8969827586206897,16131.987109626763,310.8433038417219,101.1216187183844,108.27491650553699,13.331145876057109,181.75879377355912,16466.24120622644,0.6809668127165859,0.23662271407444813,0,0.04142154007455732,1.076555929352397,0.759992636172969,0.46395543825045044,-5737.7237358645325,-264.54323157750827,-112.73529813870822,-115.71014238003163,1.1377902775336413,-48.63354231362669,-9840.366457686374,-31.90331872834141,-76.33772859255518,-100,-95.85784599254427,7.655592935239697,-24.000736382703103,-53.60445617495495,"Venango County, Pennsylvania"
WARREN,10180,0.9772445703016359,0.009127455690121616,0.006927764152613082,0.006447371747869839,9.355009987105257e-4,0.01160526914616571,0.9883947308538343,361,38651,255,274,37,459,39092,9948.349725670654,92.91749892543805,65.63424439331496,70.52463907360118,9.52340016687315,118.14163990796692,10061.858360092034,125,10186,3271,13759,11882,27,0,9,5,30741.766060386537,7479.224376731301,0,3284.6715328467153,13513.513513513515,27233.115468409585,26056.482144684334,1.3515717092337918,13445.90804278021,125.58466284038332,88.709387878941115,95.31910697580341,12.871558241258121,159.676898182094,13599.323101817907,1.1943689483834456,0.29058035689990147,0,0.12761497425895915,0.5250225667710934,1.0580520136454494,1.0123378441104225,1933.6502743293458,-65.91749892543805,-65.63424439331496,-61.52463907360118,-4.5234001668731505,6.858360092033081,124.14163990796624,19.436894838344564,-70.94196431000985,-100,-87.23850257410407,-47.49774332289066,5.805201364544943,1.2337844110422491,"Warren County, Pennsylvania"
WASHINGTON,76000,0.9345612458820006,0.04550812006685409,0.014631577930421509,0.005946342830092069,9.081335922480171e-4,0.017626486585707524,0.9823735134142925,9421,193471,1231,3029,188,3649,203369,71026.65468703205,3458.6171250809107,451.92205508699726,1111.9999227120347,69.0181530108493,1339.6129805137718,74660.38701948622,1395,71172,27727,102181,79036,1880,0,111,121,40851.600498265885,19955.418745356117,0,3664.5757675800596,64361.70212765957,38229.65195944094,34996.4842232592,1.3444868421052631,95494.4026654687,4650.065216551217,607.6032567216378,1495.0692645084002,92.79399858949463,1801.0920258141805,100379.90797418581,1.1127653463092115,0.5435698523455439,0,0.09982015082274852,1.753161954087346,1.0413455380709926,0.9532766014382464,8009.345312967955,-1578.6171250809107,-451.92205508699726,-1000.9999227120347,51.9818469891507,55.387019486228155,-3488.3870194862247,11.276534630921153,-45.64301476544561,-100,-90.01798491772514,75.3161954087346,4.134553807099262,-4.6723398561753555,"Washington County, Pennsylvania"
WAYNE,43220,0.9420371631481662,0.0413075201867886,0.009942601420371632,0.0071213153030450435,0.0010312287187469599,0.04689172098453157,0.9531082790154685,2123,48416,366,511,53,2410,48985,40714.84619126374,1785.3110224730033,307.7832473976068,429.71923338846193,44.569705224243606,2026.6601809514545,41193.339819048546,380,13573,6933,21319,16956,338,0,12,8,35021.48050231329,15920.86669806877,0,2348.336594911937,15094.339622641508,15767.634854771784,27708.482188425027,0.4932670060157335,20083.290281155758,880.6350228621462,151.81932094561728,211.96631968090284,21.984765054966438,999.6845996692286,20319.31540033077,0.416457424899674,0.18932275426821946,0,0.02792521038766752,0.17949411959871828,0.1875006000372503,0.32949501204861276,-23758.846191263743,-1447.3110224730033,-307.7832473976068,-417.71923338846193,-36.569705224243606,-1646.6601809514545,-27620.339819048546,-58.3542575100326,-81.06772457317805,-100,-97.20747896123325,-82.05058804012818,-81.24993999627496,-67.05049879513872,"Wayne County, Pennsylvania"
WESTMORELAND,115990,0.9477799114875064,0.03614688166090755,0.01238090618303425,0.0044712790939881696,7.104968056177755e-4,0.012378052782208476,0.9876219472177915,12668,332158,1567,4339,249,4338,346121,109932.99193343587,4192.676803848667,518.6236621116877,1436.0613081701426,82.41052448360578,1435.730342208361,114554.26965779164,1992,107548,42221,154235,111868,2016,5,57,131,33679.15269239338,15914.114303757498,319.08104658583284,1313.6667434892834,52610.441767068274,45919.77869986169,31072.370644947867,1.329726700577636,146180.83464827557,5575.114292970077,689.6277310612653,1909.5690651402876,109.58347481445762,1909.1289708639242,152325.8710291361,1.0176017047524348,0.48083839854992233,0.009640902190311613,0.039691898720278534,1.5896027943137323,1.3874471698745432,0.9388388605791692,1935.008066564129,-2176.676803848667,-513.6236621116877,-1379.0613081701426,48.58947551639422,556.269657791639,-7006.269657791636,1.7601704752434832,-51.91616014500777,-99.03590978096884,-96.03081012797215,58.96027943137323,38.74471698745432,-6.116113942083079,"Westmoreland County, Pennsylvania"
WYOMING,6800,0.9716838335733008,0.01506257614353749,0.006940598811237863,0.006571418023406062,8.121977332299627e-4,0.019160482888470484,0.9808395171115295,408,26320,178,188,22,519,26568,6607.450068298445,102.42551777605493,44.68564255916122,47.19607191641747,5.522944585963747,130.29128364159928,6669.708716358401,154,8912,1680,11035,9476,44,0,6,0,36003.03951367781,10784.313725490196,0,3191.4893617021276,0,29672.447013487475,33544.113218909966,1.6227941176470588,10722.531103481375,166.2155277439362,72.51559788828588,76.58950788200983,8.96260198619264,211.43592867427176,10823.564071325729,1.4341387225102809,0.4295804498269896,0,0.12712922403003754,0,1.1819670180210813,1.336190286412668,2868.5499317015547,-58.42551777605493,-44.68564255916122,-41.19607191641747,-5.522944585963747,23.70871635840072,2242.291283641599,43.41387225102808,-57.041955017301035,-100,-87.28707759699624,-100,18.19670180210813,33.6190286412668,"Wyoming County, Pennsylvania"
YORK,168420,0.8886025807921009,0.08458469075376189,0.01967636268636387,0.008516301326122537,0.0014335252887704953,0.0782387735097031,0.9217612264902969,37881,397958,3814,8812,642,35039,412808,149658.44665700564,14245.753616748578,1434.3154693455579,3313.893003637403,241.43432913472682,13176.974234504196,155243.0257654958,6470,134994,27851,173054,140710,6122,11,156,176,35358.002603289795,16161.136189646524,288.4111169375983,1770.3132092601,27414.330218068535,18465.13884528668,32701.401135636905,1.0275145469659186,153776.23101639625,14637.719073701512,1473.7800096908097,3405.0732683260135,248.0772853228893,13539.53271094816,159514.46728905186,0.9402075401897354,0.4297420947111167,0.0076691636080722355,0.04707454339315449,0.7289766978489098,0.49100801783903947,0.8695656332022076,-8948.44665700564,-8123.753616748578,-1423.3154693455579,-3157.893003637403,-65.43432913472682,-6706.974234504196,-20249.02576549581,-5.97924598102646,-57.02579052888833,-99.23308363919277,-95.29254566068455,-27.102330215109017,-50.89919821609605,-13.04343667977924,"York County, Pennsylvania"
